label,reference_positive,predicted_positive,tp,tn,fp,fn,agreement,kappa,precision,recall,f1
CONTEXT:Domain Context,98,162,85,113,77,13,0.6875,0.3989983305509182,0.5246913580246914,0.8673469387755102,0.6538461538461539
CONTEXT:Execution Environment,98,163,88,115,75,10,0.7048611111111112,0.4335955576122167,0.5398773006134969,0.8979591836734694,0.6743295019157088
EVALUATION:Rule Conformance,136,131,92,113,39,44,0.7118055555555556,0.4207056998836759,0.7022900763358778,0.6764705882352942,0.6891385767790262
CONSTRAINT:Evidence Grounding,104,148,88,124,60,16,0.7361111111111112,0.47626339969372145,0.5945945945945946,0.8461538461538461,0.6984126984126984
CONTEXT:Repository Context,202,240,183,29,57,19,0.7361111111111112,0.2784810126582279,0.7625,0.905940594059406,0.8280542986425339
RESOURCE:GitHub Interface,174,246,173,41,73,1,0.7430555555555556,0.3971486761710795,0.7032520325203252,0.9942528735632183,0.8238095238095238
TASK:Work Item Management,50,115,46,169,69,4,0.7465277777777778,0.41632426429761243,0.4,0.92,0.5575757575757576
PROCESS:Within-Run Iteration,103,126,79,138,47,24,0.7534722222222222,0.48874887488748875,0.626984126984127,0.7669902912621359,0.6899563318777293
EXAMPLE:Technical Snippet,87,109,64,156,45,23,0.7638888888888888,0.4775092044181206,0.5871559633027523,0.735632183908046,0.6530612244897959
RESOURCE:Local Workspace,166,216,157,63,59,9,0.7638888888888888,0.4887218045112781,0.7268518518518519,0.9457831325301205,0.8219895287958116
TASK:Evidence Investigation,149,163,123,99,40,26,0.7708333333333334,0.5395571919965119,0.754601226993865,0.825503355704698,0.7884615384615384
CONTEXT:Historical Context,24,64,12,212,52,12,0.7777777777777778,0.17241379310344823,0.1875,0.5,0.2727272727272727
OUTPUT:Control Signal,150,168,130,100,38,20,0.7986111111111112,0.5944055944055945,0.7738095238095238,0.8666666666666667,0.8176100628930818
EVALUATION:Risk Assessment,86,65,47,184,18,39,0.8020833333333334,0.49189055342330085,0.7230769230769231,0.5465116279069767,0.6225165562913907
COMMUNICATION:Automation Disclosure,72,56,36,196,20,36,0.8055555555555556,0.44000000000000006,0.6428571428571429,0.5,0.5625
CONSTRAINT:Scope Boundary,221,228,200,39,28,21,0.8298611111111112,0.5054667788057192,0.8771929824561403,0.9049773755656109,0.89086859688196
CONSTRAINT:Quality Standard,215,224,196,45,28,19,0.8368055555555556,0.5504782146652498,0.875,0.9116279069767442,0.8929384965831435
CONSTRAINT:Resource Budget,110,131,98,145,33,12,0.84375,0.6806938011234848,0.7480916030534351,0.8909090909090909,0.8132780082987552
EXAMPLE:Worked Case,56,52,34,214,18,22,0.8611111111111112,0.5443037974683546,0.6538461538461539,0.6071428571428571,0.6296296296296297
RESOURCE:Agent Resource,62,55,39,210,16,23,0.8645833333333334,0.5820806667658879,0.7090909090909091,0.6290322580645161,0.6666666666666666
SAFETY:Execution Isolation,40,47,24,225,23,16,0.8645833333333334,0.47257700976709266,0.5106382978723404,0.6,0.5517241379310345
COMMUNICATION:Expert Role,135,155,126,124,29,9,0.8680555555555556,0.7373650107991361,0.8129032258064516,0.9333333333333333,0.8689655172413793
PROCESS:Cross-Run Memory,52,83,49,202,34,3,0.8715277777777778,0.6477122454377149,0.5903614457831325,0.9423076923076923,0.725925925925926
EVALUATION:Evidence Credibility,32,38,18,236,20,14,0.8819444444444444,0.447653429602888,0.47368421052631576,0.5625,0.5142857142857142
TASK:Artifact Review,72,94,67,189,27,5,0.8888888888888888,0.7310924369747898,0.7127659574468085,0.9305555555555556,0.8072289156626506
COMMUNICATION:Audience Voice,58,69,48,209,21,10,0.8923611111111112,0.6875262494750106,0.6956521739130435,0.8275862068965517,0.7559055118110236
TASK:Artifact Change,96,125,95,162,30,1,0.8923611111111112,0.7748184019370461,0.76,0.9895833333333334,0.8597285067873304
EXAMPLE:Output Template,176,202,174,84,28,2,0.8958333333333334,0.7711864406779662,0.8613861386138614,0.9886363636363636,0.9206349206349206
EVALUATION:Execution Check,74,63,54,205,9,20,0.8993055555555556,0.7228195937873358,0.8571428571428571,0.7297297297297297,0.7883211678832117
RESOURCE:Development Toolchain,54,73,49,210,24,5,0.8993055555555556,0.7089084065244667,0.6712328767123288,0.9074074074074074,0.7716535433070866
TASK:Executable Validation,60,81,57,204,24,3,0.90625,0.7482517482517482,0.7037037037037037,0.95,0.8085106382978723
RESOURCE:Web Retrieval,41,56,36,227,20,5,0.9131944444444444,0.6915695681973955,0.6428571428571429,0.8780487804878049,0.7422680412371134
OUTPUT:Standalone Artifact,40,38,27,237,11,13,0.9166666666666666,0.6441515650741348,0.7105263157894737,0.675,0.6923076923076923
PROCESS:Required Sequence,254,262,247,19,15,7,0.9236111111111112,0.5915420319752451,0.9427480916030534,0.9724409448818898,0.9573643410852714
PROCESS:Decision Branch,251,258,244,23,14,7,0.9270833333333334,0.6458186929023192,0.9457364341085271,0.9721115537848606,0.9587426326129665
OUTPUT:Repository Change,86,97,82,187,15,4,0.9340277777777778,0.8480843975569129,0.845360824742268,0.9534883720930233,0.8961748633879781
SAFETY:Information Confidentiality,21,18,12,261,6,9,0.9479166666666666,0.5876288659793812,0.6666666666666666,0.5714285714285714,0.6153846153846154
SAFETY:Vulnerability Handling,18,19,11,262,8,7,0.9479166666666666,0.5667870036101079,0.5789473684210527,0.6111111111111112,0.5945945945945946
PROCESS:Work Delegation,26,38,25,249,13,1,0.9513888888888888,0.7549829849295088,0.6578947368421053,0.9615384615384616,0.78125
OUTPUT:New Thread,120,111,109,166,2,11,0.9548611111111112,0.9061371841155236,0.9819819819819819,0.9083333333333333,0.9437229437229437
SAFETY:Prompt Injection Defense,27,28,23,256,5,4,0.96875,0.8190954773869347,0.8214285714285714,0.8518518518518519,0.8363636363636363
OUTPUT:Existing Thread Response,114,118,112,168,6,2,0.9722222222222222,0.9422730006013229,0.9491525423728814,0.9824561403508771,0.9655172413793104
