source_key,source_full_name,md_path,history_relative,snapshot_relative,commit_sha,committed_at,language,language_probability,body_word_count,readability_word_count,exclusion_reason
7474/SRC:.github/workflows/complete-unit-tests.md,7474/SRC,.github/workflows/complete-unit-tests.md,7474__SRC__11ac0806daef/history.json,7474__SRC__11ac0806daef/snapshots/SRC__7474__ad4e4575c10bc099b8d333f2781e84a54f9ed05c__complete-unit-tests.md,ad4e4575c10bc099b8d333f2781e84a54f9ed05c,2026-05-04T10:38:17Z,ja,0.999999660781309,748,697,clear_non_english_body
dotnet/arcade:.github/workflows/build-failure-analysis-command.md,dotnet/arcade,.github/workflows/build-failure-analysis-command.md,dotnet__arcade__078e893c3e06/history.json,dotnet__arcade__078e893c3e06/snapshots/arcade__dotnet__3a08066a733385d6ffcea36ff19b6230f3e044f6__build-failure-analysis-command.md,3a08066a733385d6ffcea36ff19b6230f3e044f6,2026-07-31T16:08:43Z,insufficient,0.0,0,0,no_body_text
dotnet/arcade:.github/workflows/build-failure-analysis.md,dotnet/arcade,.github/workflows/build-failure-analysis.md,dotnet__arcade__7cae819f622c/history.json,dotnet__arcade__7cae819f622c/snapshots/arcade__dotnet__81f112775a6546851b473ae9003c34af7843a9e5__build-failure-analysis.md,81f112775a6546851b473ae9003c34af7843a9e5,2026-07-21T14:11:53Z,insufficient,0.0,0,0,no_body_text
dotnet/maui-labs:.github/workflows/review-on-open.agent.md,dotnet/maui-labs,.github/workflows/review-on-open.agent.md,dotnet__maui-labs__53b85388a186/history.json,dotnet__maui-labs__53b85388a186/snapshots/maui-labs__dotnet__d21bfd5e309852134ef357db02e977d9b2ad4432__review-on-open.agent.md,d21bfd5e309852134ef357db02e977d9b2ad4432,2026-07-24T16:42:36Z,insufficient,0.0,0,0,no_body_text
dotnet/maui-labs:.github/workflows/review.agent.md,dotnet/maui-labs,.github/workflows/review.agent.md,dotnet__maui-labs__f0dafba602e4/history.json,dotnet__maui-labs__f0dafba602e4/snapshots/maui-labs__dotnet__d21bfd5e309852134ef357db02e977d9b2ad4432__review.agent.md,d21bfd5e309852134ef357db02e977d9b2ad4432,2026-07-24T16:42:36Z,insufficient,0.0,0,0,no_body_text
dotnet/msbuild:.github/workflows/review-on-open.agent.md,dotnet/msbuild,.github/workflows/review-on-open.agent.md,dotnet__msbuild__17a71c682286/history.json,dotnet__msbuild__17a71c682286/snapshots/msbuild__dotnet__bd01c1d31c552b1a6d1499fa676a2f0446f5073d__review-on-open.agent.md,bd01c1d31c552b1a6d1499fa676a2f0446f5073d,2026-07-15T10:50:58Z,insufficient,0.0,0,0,no_body_text
dotnet/msbuild:.github/workflows/review.agent.md,dotnet/msbuild,.github/workflows/review.agent.md,dotnet__msbuild__b6674a1b2a53/history.json,dotnet__msbuild__b6674a1b2a53/snapshots/msbuild__dotnet__bd01c1d31c552b1a6d1499fa676a2f0446f5073d__review.agent.md,bd01c1d31c552b1a6d1499fa676a2f0446f5073d,2026-07-15T10:50:58Z,insufficient,0.0,0,0,no_body_text
dotnet/sdk:.github/workflows/parallel-safety-audit-command.md,dotnet/sdk,.github/workflows/parallel-safety-audit-command.md,dotnet__sdk__ac8101485db8/history.json,dotnet__sdk__ac8101485db8/snapshots/sdk__dotnet__5bcbf42adb148f15c798bad2c13881f725706ad7__parallel-safety-audit-command.md,5bcbf42adb148f15c798bad2c13881f725706ad7,2026-07-30T11:52:43Z,insufficient,0.0,0,0,no_body_text
felipementel/GitHubCopilotDevDays-Curitiba-2026:.github/workflows/hn-sentiment.md,felipementel/GitHubCopilotDevDays-Curitiba-2026,.github/workflows/hn-sentiment.md,felipementel__GitHubCopilotDevDays-Curitiba-2026__c2043938995a/history.json,felipementel__GitHubCopilotDevDays-Curitiba-2026__c2043938995a/snapshots/GitHubCopilotDevDays-Curitiba-2026__felipementel__6dab8decda7d31cf555c0e0a09f3a1d136cd4c74__hn-sentiment.md,6dab8decda7d31cf555c0e0a09f3a1d136cd4c74,2026-05-09T20:07:39Z,pt,0.9999964587754151,184,182,clear_non_english_body
felipementel/GitHubCopilotDevDays-Curitiba-2026:.github/workflows/issue-open.md,felipementel/GitHubCopilotDevDays-Curitiba-2026,.github/workflows/issue-open.md,felipementel__GitHubCopilotDevDays-Curitiba-2026__2b9a3fbb5b04/history.json,felipementel__GitHubCopilotDevDays-Curitiba-2026__2b9a3fbb5b04/snapshots/GitHubCopilotDevDays-Curitiba-2026__felipementel__6dab8decda7d31cf555c0e0a09f3a1d136cd4c74__issue-open.md,6dab8decda7d31cf555c0e0a09f3a1d136cd4c74,2026-05-09T20:07:39Z,pt,0.9999964862291773,72,69,clear_non_english_body
felipementel/GitHubCopilotDevDays-Curitiba-2026:.github/workflows/pull-request-opened.md,felipementel/GitHubCopilotDevDays-Curitiba-2026,.github/workflows/pull-request-opened.md,felipementel__GitHubCopilotDevDays-Curitiba-2026__a7d2d66ea8f3/history.json,felipementel__GitHubCopilotDevDays-Curitiba-2026__a7d2d66ea8f3/snapshots/GitHubCopilotDevDays-Curitiba-2026__felipementel__57d641a452cf68bb1951b1c398ebff910c3f1254__pull-request-opened.md,57d641a452cf68bb1951b1c398ebff910c3f1254,2026-05-09T19:50:40Z,pt,0.9999951007013004,262,260,clear_non_english_body
githubnext/agentics:workflows/daily-accessibility-review.md,githubnext/agentics,workflows/daily-accessibility-review.md,githubnext__agentics__561e233e0d10/history.json,githubnext__agentics__561e233e0d10/snapshots/agentics__githubnext__497230d3867fe453aae74b15d06178d45a39fcce__daily-accessibility-review.md,497230d3867fe453aae74b15d06178d45a39fcce,2026-05-08T20:56:58Z,insufficient,0.0,0,0,no_body_text
githubnext/agentics:workflows/daily-doc-updater.md,githubnext/agentics,workflows/daily-doc-updater.md,githubnext__agentics__504da33c3be5/history.json,githubnext__agentics__504da33c3be5/snapshots/agentics__githubnext__497230d3867fe453aae74b15d06178d45a39fcce__daily-doc-updater.md,497230d3867fe453aae74b15d06178d45a39fcce,2026-05-08T20:56:58Z,insufficient,0.0,0,0,no_body_text
githubnext/agentics:workflows/daily-perf-improver.md,githubnext/agentics,workflows/daily-perf-improver.md,githubnext__agentics__89d0f1a7b484/history.json,githubnext__agentics__89d0f1a7b484/snapshots/agentics__githubnext__497230d3867fe453aae74b15d06178d45a39fcce__daily-perf-improver.md,497230d3867fe453aae74b15d06178d45a39fcce,2026-05-08T20:56:58Z,insufficient,0.0,0,0,no_body_text
githubnext/agentics:workflows/daily-plan.md,githubnext/agentics,workflows/daily-plan.md,githubnext__agentics__869135dbd68a/history.json,githubnext__agentics__869135dbd68a/snapshots/agentics__githubnext__497230d3867fe453aae74b15d06178d45a39fcce__daily-plan.md,497230d3867fe453aae74b15d06178d45a39fcce,2026-05-08T20:56:58Z,insufficient,0.0,0,0,no_body_text
githubnext/agentics:workflows/daily-qa.md,githubnext/agentics,workflows/daily-qa.md,githubnext__agentics__a8bcc92cc82c/history.json,githubnext__agentics__a8bcc92cc82c/snapshots/agentics__githubnext__497230d3867fe453aae74b15d06178d45a39fcce__daily-qa.md,497230d3867fe453aae74b15d06178d45a39fcce,2026-05-08T20:56:58Z,insufficient,0.0,0,0,no_body_text
githubnext/agentics:workflows/daily-repo-status.md,githubnext/agentics,workflows/daily-repo-status.md,githubnext__agentics__ae0dfe93f523/history.json,githubnext__agentics__ae0dfe93f523/snapshots/agentics__githubnext__497230d3867fe453aae74b15d06178d45a39fcce__daily-repo-status.md,497230d3867fe453aae74b15d06178d45a39fcce,2026-05-08T20:56:58Z,insufficient,0.0,0,0,no_body_text
githubnext/agentics:workflows/daily-test-improver.md,githubnext/agentics,workflows/daily-test-improver.md,githubnext__agentics__c3e088409265/history.json,githubnext__agentics__c3e088409265/snapshots/agentics__githubnext__497230d3867fe453aae74b15d06178d45a39fcce__daily-test-improver.md,497230d3867fe453aae74b15d06178d45a39fcce,2026-05-08T20:56:58Z,insufficient,0.0,0,0,no_body_text
haxudev/GCR-AI-Tour-2026:.github/workflows/tech-insight.md,haxudev/GCR-AI-Tour-2026,.github/workflows/tech-insight.md,haxudev__GCR-AI-Tour-2026__9bf82cffef6f/history.json,haxudev__GCR-AI-Tour-2026__9bf82cffef6f/snapshots/GCR-AI-Tour-2026__haxudev__14dd7178ff1e5979daa2323aee641c73c558bba9__tech-insight.md,14dd7178ff1e5979daa2323aee641c73c558bba9,2026-06-11T01:58:42Z,zh-cn,0.9999943737766228,149,179,clear_non_english_body
libxengine/XEngine_Authorize:.github/workflows/auto-code.md,libxengine/XEngine_Authorize,.github/workflows/auto-code.md,libxengine__XEngine_Authorize__5507c9483463/history.json,libxengine__XEngine_Authorize__5507c9483463/snapshots/XEngine_Authorize__libxengine__7dc2e98e256ce500be8ebc908e7c42c57a533616__auto-code.md,7dc2e98e256ce500be8ebc908e7c42c57a533616,2026-06-24T07:20:29Z,zh-cn,0.9999967189622055,164,166,clear_non_english_body
libxengine/XEngine_Authorize:.github/workflows/issue-triage.md,libxengine/XEngine_Authorize,.github/workflows/issue-triage.md,libxengine__XEngine_Authorize__910d2c7ca0ec/history.json,libxengine__XEngine_Authorize__910d2c7ca0ec/snapshots/XEngine_Authorize__libxengine__00185b65891ca5c2f20606832389c703b32eeb5b__issue-triage.md,00185b65891ca5c2f20606832389c703b32eeb5b,2026-06-24T02:09:02Z,zh-cn,0.9999973110855952,40,44,clear_non_english_body
microsoft/testfx:.github/workflows/address-review.agent.md,microsoft/testfx,.github/workflows/address-review.agent.md,microsoft__testfx__1faa1df05df2/history.json,microsoft__testfx__1faa1df05df2/snapshots/testfx__microsoft__9f4e6c68f9dc3e757c161409d75b115f5b63ee5f__address-review.agent.md,9f4e6c68f9dc3e757c161409d75b115f5b63ee5f,2026-07-07T11:17:29Z,insufficient,0.0,0,0,no_body_text
microsoft/testfx:.github/workflows/autofix.agent.md,microsoft/testfx,.github/workflows/autofix.agent.md,microsoft__testfx__fd124f9f9742/history.json,microsoft__testfx__fd124f9f9742/snapshots/testfx__microsoft__9f4e6c68f9dc3e757c161409d75b115f5b63ee5f__autofix.agent.md,9f4e6c68f9dc3e757c161409d75b115f5b63ee5f,2026-07-07T11:17:29Z,insufficient,0.0,0,0,no_body_text
microsoft/testfx:.github/workflows/build-failure-analysis-command.md,microsoft/testfx,.github/workflows/build-failure-analysis-command.md,microsoft__testfx__6ba863ffa571/history.json,microsoft__testfx__6ba863ffa571/snapshots/testfx__microsoft__5f38d9ab4e2dc583c577aa8ff8edd2bd93ce75a7__build-failure-analysis-command.md,5f38d9ab4e2dc583c577aa8ff8edd2bd93ce75a7,2026-08-03T17:33:36Z,insufficient,0.0,0,0,no_body_text
microsoft/testfx:.github/workflows/build-failure-analysis.md,microsoft/testfx,.github/workflows/build-failure-analysis.md,microsoft__testfx__4581f2370e7d/history.json,microsoft__testfx__4581f2370e7d/snapshots/testfx__microsoft__5f38d9ab4e2dc583c577aa8ff8edd2bd93ce75a7__build-failure-analysis.md,5f38d9ab4e2dc583c577aa8ff8edd2bd93ce75a7,2026-08-03T17:33:36Z,insufficient,0.0,0,0,no_body_text
microsoft/testfx:.github/workflows/grade-tests-on-pr.agent.md,microsoft/testfx,.github/workflows/grade-tests-on-pr.agent.md,microsoft__testfx__1557e1557ec0/history.json,microsoft__testfx__1557e1557ec0/snapshots/testfx__microsoft__9dc529870c0cd7a3c0d0a3520baf707c9d06c820__grade-tests-on-pr.agent.md,9dc529870c0cd7a3c0d0a3520baf707c9d06c820,2026-07-28T12:55:26Z,insufficient,0.0,0,0,no_body_text
microsoft/testfx:.github/workflows/grade-tests.agent.md,microsoft/testfx,.github/workflows/grade-tests.agent.md,microsoft__testfx__f1f600696f4d/history.json,microsoft__testfx__f1f600696f4d/snapshots/testfx__microsoft__9dc529870c0cd7a3c0d0a3520baf707c9d06c820__grade-tests.agent.md,9dc529870c0cd7a3c0d0a3520baf707c9d06c820,2026-07-28T12:55:26Z,insufficient,0.0,0,0,no_body_text
microsoft/testfx:.github/workflows/msbuild-quality-review.md,microsoft/testfx,.github/workflows/msbuild-quality-review.md,microsoft__testfx__8d0b3d641462/history.json,microsoft__testfx__8d0b3d641462/snapshots/testfx__microsoft__939f78254ce3d91221792d7a9bd29647214b6733__msbuild-quality-review.md,939f78254ce3d91221792d7a9bd29647214b6733,2026-07-03T11:53:54Z,insufficient,0.0,0,0,no_body_text
microsoft/testfx:.github/workflows/parallel-safety-audit-command.md,microsoft/testfx,.github/workflows/parallel-safety-audit-command.md,microsoft__testfx__715464c68729/history.json,microsoft__testfx__715464c68729/snapshots/testfx__microsoft__7c5348a4d69e6d5cf5f39aec0382d27197b86a2d__parallel-safety-audit-command.md,7c5348a4d69e6d5cf5f39aec0382d27197b86a2d,2026-07-27T15:58:13Z,insufficient,0.0,0,0,no_body_text
microsoft/testfx:.github/workflows/parallel-safety-audit.md,microsoft/testfx,.github/workflows/parallel-safety-audit.md,microsoft__testfx__fc5da6f5a99c/history.json,microsoft__testfx__fc5da6f5a99c/snapshots/testfx__microsoft__7c5348a4d69e6d5cf5f39aec0382d27197b86a2d__parallel-safety-audit.md,7c5348a4d69e6d5cf5f39aec0382d27197b86a2d,2026-07-27T15:58:13Z,insufficient,0.0,0,0,no_body_text
microsoft/testfx:.github/workflows/review-after-autofix.agent.md,microsoft/testfx,.github/workflows/review-after-autofix.agent.md,microsoft__testfx__74b11b474cd4/history.json,microsoft__testfx__74b11b474cd4/snapshots/testfx__microsoft__939f78254ce3d91221792d7a9bd29647214b6733__review-after-autofix.agent.md,939f78254ce3d91221792d7a9bd29647214b6733,2026-07-03T11:53:54Z,insufficient,0.0,0,0,no_body_text
microsoft/testfx:.github/workflows/review-on-open.agent.md,microsoft/testfx,.github/workflows/review-on-open.agent.md,microsoft__testfx__c21fba02001f/history.json,microsoft__testfx__c21fba02001f/snapshots/testfx__microsoft__939f78254ce3d91221792d7a9bd29647214b6733__review-on-open.agent.md,939f78254ce3d91221792d7a9bd29647214b6733,2026-07-03T11:53:54Z,insufficient,0.0,0,0,no_body_text
microsoft/testfx:.github/workflows/review.agent.md,microsoft/testfx,.github/workflows/review.agent.md,microsoft__testfx__dfecf4d7f84f/history.json,microsoft__testfx__dfecf4d7f84f/snapshots/testfx__microsoft__939f78254ce3d91221792d7a9bd29647214b6733__review.agent.md,939f78254ce3d91221792d7a9bd29647214b6733,2026-07-03T11:53:54Z,insufficient,0.0,0,0,no_body_text
microsoft/vstest:.github/workflows/build-failure-analysis-command.md,microsoft/vstest,.github/workflows/build-failure-analysis-command.md,microsoft__vstest__e4f4dd234f69/history.json,microsoft__vstest__e4f4dd234f69/snapshots/vstest__microsoft__77c3673ef28372023e5602802748ab727408a33f__build-failure-analysis-command.md,77c3673ef28372023e5602802748ab727408a33f,2026-07-07T12:25:41Z,insufficient,0.0,0,0,no_body_text
microsoft/vstest:.github/workflows/build-failure-analysis.md,microsoft/vstest,.github/workflows/build-failure-analysis.md,microsoft__vstest__6edb69b0a1cb/history.json,microsoft__vstest__6edb69b0a1cb/snapshots/vstest__microsoft__77c3673ef28372023e5602802748ab727408a33f__build-failure-analysis.md,77c3673ef28372023e5602802748ab727408a33f,2026-07-07T12:25:41Z,insufficient,0.0,0,0,no_body_text
microsoft/vstest:.github/workflows/msbuild-quality-review.md,microsoft/vstest,.github/workflows/msbuild-quality-review.md,microsoft__vstest__3ebf9d387b2c/history.json,microsoft__vstest__3ebf9d387b2c/snapshots/vstest__microsoft__77c3673ef28372023e5602802748ab727408a33f__msbuild-quality-review.md,77c3673ef28372023e5602802748ab727408a33f,2026-07-07T12:25:41Z,insufficient,0.0,0,0,no_body_text
runhey/OnmyojiAutoScript:.github/workflows/issue-handle-bug.md,runhey/OnmyojiAutoScript,.github/workflows/issue-handle-bug.md,runhey__OnmyojiAutoScript__7da51ab01bff/history.json,runhey__OnmyojiAutoScript__7da51ab01bff/snapshots/OnmyojiAutoScript__runhey__dcbfb1f3a716a2b6fec5ef3cc2805032989da8d4__issue-handle-bug.md,dcbfb1f3a716a2b6fec5ef3cc2805032989da8d4,2026-05-13T16:37:01Z,zh-cn,0.9999976953482266,574,428,clear_non_english_body
runhey/OnmyojiAutoScript:.github/workflows/issue-handle-enhancement.md,runhey/OnmyojiAutoScript,.github/workflows/issue-handle-enhancement.md,runhey__OnmyojiAutoScript__69be4c070148/history.json,runhey__OnmyojiAutoScript__69be4c070148/snapshots/OnmyojiAutoScript__runhey__dcbfb1f3a716a2b6fec5ef3cc2805032989da8d4__issue-handle-enhancement.md,dcbfb1f3a716a2b6fec5ef3cc2805032989da8d4,2026-05-13T16:37:01Z,zh-cn,0.8571407129720667,327,294,clear_non_english_body
runhey/OnmyojiAutoScript:.github/workflows/issue-handle-other.md,runhey/OnmyojiAutoScript,.github/workflows/issue-handle-other.md,runhey__OnmyojiAutoScript__a9b8d64f48e9/history.json,runhey__OnmyojiAutoScript__a9b8d64f48e9/snapshots/OnmyojiAutoScript__runhey__dcbfb1f3a716a2b6fec5ef3cc2805032989da8d4__issue-handle-other.md,dcbfb1f3a716a2b6fec5ef3cc2805032989da8d4,2026-05-13T16:37:01Z,zh-cn,0.9999985420254887,268,247,clear_non_english_body
runhey/OnmyojiAutoScript:.github/workflows/issue-handle-question.md,runhey/OnmyojiAutoScript,.github/workflows/issue-handle-question.md,runhey__OnmyojiAutoScript__b52642914767/history.json,runhey__OnmyojiAutoScript__b52642914767/snapshots/OnmyojiAutoScript__runhey__dcbfb1f3a716a2b6fec5ef3cc2805032989da8d4__issue-handle-question.md,dcbfb1f3a716a2b6fec5ef3cc2805032989da8d4,2026-05-13T16:37:01Z,zh-cn,0.9999979025027561,231,203,clear_non_english_body
runhey/OnmyojiAutoScript:.github/workflows/issue-triage.md,runhey/OnmyojiAutoScript,.github/workflows/issue-triage.md,runhey__OnmyojiAutoScript__d931c642e35a/history.json,runhey__OnmyojiAutoScript__d931c642e35a/snapshots/OnmyojiAutoScript__runhey__e93dad1250f9440353b598644f0a57b6a9ea194d__issue-triage.md,e93dad1250f9440353b598644f0a57b6a9ea194d,2026-04-29T16:18:15Z,ca,0.9999950228394175,211,174,clear_non_english_body
runhey/OnmyojiAutoScript:.github/workflows/pr-review-checklist.md,runhey/OnmyojiAutoScript,.github/workflows/pr-review-checklist.md,runhey__OnmyojiAutoScript__996e2d876551/history.json,runhey__OnmyojiAutoScript__996e2d876551/snapshots/OnmyojiAutoScript__runhey__1649f11c767d81ea8a1ef71bb3190d727c1daeb9__pr-review-checklist.md,1649f11c767d81ea8a1ef71bb3190d727c1daeb9,2026-05-04T13:25:36Z,zh-cn,0.8571410298543481,257,296,clear_non_english_body
runhey/OnmyojiAutoScript:.github/workflows/pr-review-intent.md,runhey/OnmyojiAutoScript,.github/workflows/pr-review-intent.md,runhey__OnmyojiAutoScript__48be1dbef7fa/history.json,runhey__OnmyojiAutoScript__48be1dbef7fa/snapshots/OnmyojiAutoScript__runhey__1649f11c767d81ea8a1ef71bb3190d727c1daeb9__pr-review-intent.md,1649f11c767d81ea8a1ef71bb3190d727c1daeb9,2026-05-04T13:25:36Z,zh-cn,0.9999993938809207,256,256,clear_non_english_body
runhey/OnmyojiAutoScript:.github/workflows/weekly-report.md,runhey/OnmyojiAutoScript,.github/workflows/weekly-report.md,runhey__OnmyojiAutoScript__f09e80e35390/history.json,runhey__OnmyojiAutoScript__f09e80e35390/snapshots/OnmyojiAutoScript__runhey__d98f6af609acb7bee382934938c0038ba204f1a0__weekly-report.md,d98f6af609acb7bee382934938c0038ba204f1a0,2026-06-11T02:16:24Z,zh-cn,0.9999969515502803,173,155,clear_non_english_body
shyamagu-ms/ai-scrum:.github/workflows/scrum-events-worker-day.md,shyamagu-ms/ai-scrum,.github/workflows/scrum-events-worker-day.md,shyamagu-ms__ai-scrum__e2c53b3ec1f5/history.json,shyamagu-ms__ai-scrum__e2c53b3ec1f5/snapshots/ai-scrum__shyamagu-ms__184facd7d741cb9afe2a7761d9272c3777497d5f__scrum-events-worker-day.md,184facd7d741cb9afe2a7761d9272c3777497d5f,2026-04-08T23:46:53Z,ja,0.9999999954161892,56,68,clear_non_english_body
shyamagu-ms/ai-scrum:.github/workflows/scrum-events-worker-planning.md,shyamagu-ms/ai-scrum,.github/workflows/scrum-events-worker-planning.md,shyamagu-ms__ai-scrum__d83e68d2cb9d/history.json,shyamagu-ms__ai-scrum__d83e68d2cb9d/snapshots/ai-scrum__shyamagu-ms__184facd7d741cb9afe2a7761d9272c3777497d5f__scrum-events-worker-planning.md,184facd7d741cb9afe2a7761d9272c3777497d5f,2026-04-08T23:46:53Z,ja,0.9999999895546631,49,62,clear_non_english_body
shyamagu-ms/ai-scrum:.github/workflows/scrum-events-worker-review.md,shyamagu-ms/ai-scrum,.github/workflows/scrum-events-worker-review.md,shyamagu-ms__ai-scrum__386904e6807d/history.json,shyamagu-ms__ai-scrum__386904e6807d/snapshots/ai-scrum__shyamagu-ms__184facd7d741cb9afe2a7761d9272c3777497d5f__scrum-events-worker-review.md,184facd7d741cb9afe2a7761d9272c3777497d5f,2026-04-08T23:46:53Z,ja,0.9999994683892046,47,60,clear_non_english_body
