level,label,count,percent,definition
category,TASK,281,97.56944444444444,
subcategory,TASK:Evidence Investigation,149,51.736111111111114,"Researches, diagnoses, compares, mines, triages analytically, or synthesizes evidence."
subcategory,TASK:Artifact Change,96,33.333333333333336,"Creates, edits, repairs, removes, translates, or otherwise changes a durable project artifact."
subcategory,TASK:Artifact Review,72,25.0,"Judges an existing artifact or proposal and returns findings, approval, or critique against criteria."
subcategory,TASK:Executable Validation,60,20.833333333333332,"Executes a test, build, benchmark, lint, protocol, or explicit behavioral check."
subcategory,TASK:Work Item Management,50,17.36111111111111,"Changes work-item lifecycle, ownership, routing, or metadata."
category,OUTPUT,276,95.83333333333333,
subcategory,OUTPUT:Control Signal,150,52.083333333333336,"Requires a status-only or control result such as noop, label, close, approval, or dispatch."
subcategory,OUTPUT:New Thread,120,41.666666666666664,Requires a newly created issue or discussion as the primary published result.
subcategory,OUTPUT:Existing Thread Response,114,39.583333333333336,"Requires a response attached to an existing issue, PR, review, or discussion."
subcategory,OUTPUT:Repository Change,86,29.86111111111111,"Requires a persistent repository or release change, such as a commit, PR, merge, or release update."
subcategory,OUTPUT:Standalone Artifact,40,13.88888888888889,"Requires a standalone report, file, diagram, chart, archive, or upload."
category,CONSTRAINT,270,93.75,
subcategory,CONSTRAINT:Scope Boundary,221,76.73611111111111,"Limits allowed files, repositories, actions, targets, change size, or writable surfaces."
subcategory,CONSTRAINT:Quality Standard,215,74.65277777777777,"Prescribes clarity, precision, concision, formatting quality, or completeness."
subcategory,CONSTRAINT:Resource Budget,110,38.19444444444444,"Caps time, attempts, files, issues, tokens, cost, depth, or another consumable resource."
subcategory,CONSTRAINT:Evidence Grounding,104,36.111111111111114,Requires claims to be supported by evidence or prohibits speculation.
category,PROCESS,269,93.40277777777777,
subcategory,PROCESS:Required Sequence,254,88.19444444444444,Defines a mandatory order of stages or prerequisites.
subcategory,PROCESS:Decision Branch,251,87.15277777777777,"Defines a decision, gate, fallback, stopping condition, or error path."
subcategory,PROCESS:Within-Run Iteration,103,35.763888888888886,"Defines within-run loops, batches, retries, round-robin selection, or multiple passes."
subcategory,PROCESS:Cross-Run Memory,52,18.055555555555557,"Reads, writes, or advances persistent state across runs."
subcategory,PROCESS:Work Delegation,26,9.027777777777779,"Transfers substantive work to a subagent, worker, skill, handler, or dispatched workflow."
category,RESOURCE,259,89.93055555555556,
subcategory,RESOURCE:GitHub Interface,174,60.416666666666664,"Directs use of GitHub APIs, MCP tools, gh, repository search, or GitHub object data."
subcategory,RESOURCE:Local Workspace,166,57.638888888888886,"Directs use of local files, shell commands, source, logs, scripts, or references."
subcategory,RESOURCE:Agent Resource,62,21.52777777777778,"Directs use of subagents, reusable skills, model calls, or agent/memory services."
subcategory,RESOURCE:Development Toolchain,54,18.75,"Directs use of compilers, tests, linters, benchmarks, analyzers, or build systems."
subcategory,RESOURCE:Web Retrieval,41,14.23611111111111,"Directs use of websites, web search, feeds, provider documentation, or external services."
category,CONTEXT,244,84.72222222222223,
subcategory,CONTEXT:Repository Context,202,70.13888888888889,"Supplies facts about a repository, PR, issue, release, commit, branch, or trigger."
subcategory,CONTEXT:Domain Context,98,34.02777777777778,"Supplies subject-matter knowledge, business rules, standards, protocols, or project concepts."
subcategory,CONTEXT:Execution Environment,98,34.02777777777778,"Supplies runtime, operating-system, sandbox, path, software, or precomputed-input facts."
subcategory,CONTEXT:Historical Context,24,8.333333333333334,"Supplies prior runs, baselines, cached findings, releases, or earlier decisions."
category,EVALUATION,202,70.13888888888889,
subcategory,EVALUATION:Rule Conformance,136,47.22222222222222,"Judges whether an artifact satisfies a rubric, specification, convention, or acceptance criterion."
subcategory,EVALUATION:Risk Assessment,86,29.86111111111111,"Judges severity, confidence, impact, exploitability, blast radius, or priority."
subcategory,EVALUATION:Execution Check,74,25.694444444444443,"Judges whether code builds, tests pass, a service responds, or a protocol behaves as expected."
subcategory,EVALUATION:Evidence Credibility,32,11.11111111111111,"Judges the reliability, authority, completeness, or corroboration of evidence."
category,EXAMPLE,196,68.05555555555556,
subcategory,EXAMPLE:Output Template,176,61.111111111111114,"Provides a fill-in output skeleton, report schema, section layout, or response scaffold."
subcategory,EXAMPLE:Technical Snippet,87,30.208333333333332,"Provides sample code, command, query, JSON, Mermaid, or configuration."
subcategory,EXAMPLE:Worked Case,56,19.444444444444443,"Provides a worked positive, negative, edge, or counterexample illustrating a decision."
category,COMMUNICATION,184,63.888888888888886,
subcategory,COMMUNICATION:Expert Role,135,46.875,Assigns a professional role or specialist identity that materially frames judgment.
subcategory,COMMUNICATION:Automation Disclosure,72,25.0,"Requires output to reveal automation, limitations, uncertainty, or a non-human role."
subcategory,COMMUNICATION:Audience Voice,58,20.13888888888889,"Specifies audience, language, tone, politeness, enthusiasm, or communication style."
category,SAFETY,72,25.0,
subcategory,SAFETY:Execution Isolation,40,13.88888888888889,"Addresses sandboxing, filesystem/network boundaries, permissions, or read-only execution."
subcategory,SAFETY:Prompt Injection Defense,27,9.375,"Addresses prompt injection, untrusted content, instruction hierarchy, or embedded instructions."
subcategory,SAFETY:Information Confidentiality,21,7.291666666666667,"Addresses secrets, credentials, tokens, private data, or sensitive-information disclosure."
subcategory,SAFETY:Vulnerability Handling,18,6.25,"Addresses discovering, assessing, remediating, or reporting exploitable weaknesses."
