source_full_name,period,maintenance_commits,commit_file_events,churn,start_size,end_size,mean_size,relative_churn,net_growth,expanding_events,shrinking_events,balanced_content_events,non_content_events
Azure/azure-rest-api-specs,1,4,4,168,203.0,151.0,157.14440600198412,106.90803718325094,-52.0,2,1,1,0
Azure/azure-rest-api-specs,2,5,5,65,151.0,225.0,167.75501901455027,38.74697781433425,74.0,4,0,1,0
Azure/azure-rest-api-specs,3,0,0,0,225.0,225.0,225.0,0.0,0.0,0,0,0,0
Azure/azure-rest-api-specs,4,0,0,0,225.0,225.0,225.0,0.0,0.0,0,0,0,0
Azure/azure-sdk-for-js,1,4,14,25,53.0,960.0,118.5058531746032,21.09600440002377,907.0,7,6,1,0
Azure/azure-sdk-for-js,2,15,42,837,960.0,1960.0,1317.6158143187831,63.52382772763964,1000.0,28,3,11,0
Azure/azure-sdk-for-js,3,4,18,234,1960.0,2122.0,2038.0223230820106,11.481719181865103,162.0,17,0,1,0
Azure/azure-sdk-for-js,4,5,23,74,2122.0,2528.0,2188.2717642195767,3.381664069791226,406.0,12,11,0,0
Azure/typespec-azure,1,0,0,0,64.0,64.0,64.0,0.0,0.0,0,0,0,0
Azure/typespec-azure,2,8,8,63,64.0,255.0,235.33378348214288,26.770487036673355,191.0,4,3,1,0
Azure/typespec-azure,3,0,0,0,255.0,255.0,255.0,0.0,0.0,0,0,0,0
Azure/typespec-azure,4,0,0,0,255.0,255.0,255.0,0.0,0.0,0,0,0,0
Hack23/euparliamentmonitor,1,141,507,9798,232.0,5166.0,3942.7683643353175,248.50559542449238,4934.0,235,31,241,0
Hack23/euparliamentmonitor,2,262,1025,18037,5166.0,10747.0,7238.295505539021,249.18850005774698,5581.0,496,93,436,0
Hack23/euparliamentmonitor,3,145,812,36341,10747.0,3138.0,7021.695900710976,517.5530315449907,-7609.0,300,260,252,0
Hack23/euparliamentmonitor,4,37,180,3090,3138.0,3744.0,3706.0925930059525,83.3762223272935,606.0,74,33,73,0
Hack23/riksdagsmonitor,1,132,423,9387,508.0,4043.0,2850.507947255291,329.30972913226196,3535.0,273,60,90,0
Hack23/riksdagsmonitor,2,259,898,15298,4043.0,8676.0,6891.783120453043,221.97448370944036,4633.0,548,55,295,0
Hack23/riksdagsmonitor,3,166,996,23889,8676.0,3187.0,5456.049670552249,437.84425440507414,-5489.0,517,123,356,0
Hack23/riksdagsmonitor,4,40,285,3944,3187.0,5157.0,4792.711689814814,82.29161809131048,1970.0,98,44,143,0
Kong/kongctl,1,8,8,84,587.0,895.0,703.1030791170634,11.947039131941333,308.0,3,2,3,0
Kong/kongctl,2,3,4,64,895.0,943.0,921.8639203042327,6.942456320329662,48.0,3,1,0,0
Kong/kongctl,3,4,4,175,943.0,1561.0,1128.6625268683863,15.505077543910236,618.0,4,0,0,0
Kong/kongctl,4,11,11,811,1561.0,2162.0,1930.7171056547618,42.00511807891019,601.0,8,1,2,0
Z3Prover/z3,1,31,34,1975,182.0,2017.0,1525.1368117559523,129.49657924301897,1835.0,16,10,8,0
Z3Prover/z3,2,18,19,176,2017.0,3633.0,2612.5089732142865,6.73681896615495,1616.0,8,5,6,0
Z3Prover/z3,3,9,26,705,3633.0,4624.0,4040.0749586640213,17.450171276850035,991.0,17,0,9,0
Z3Prover/z3,4,5,15,85,4624.0,4641.0,4635.123510251323,1.8338238411988117,17.0,4,10,1,0
apache/cloudstack,1,1,1,2,54.0,54.0,54.0,3.7037037037037037,0.0,0,0,1,0
apache/cloudstack,2,0,0,0,54.0,54.0,54.0,0.0,0.0,0,0,0,0
apache/cloudstack,3,0,0,0,54.0,54.0,54.0,0.0,0.0,0,0,0,0
apache/cloudstack,4,1,1,8,54.0,58.0,55.60666666666667,14.386764176957199,4.0,1,0,0,0
dorlugasigal/TermBeam,1,1,1,4,63.0,65.0,64.99734871031747,6.1540971737591095,2.0,1,0,0,0
dorlugasigal/TermBeam,2,0,0,0,65.0,65.0,65.0,0.0,0.0,0,0,0,0
dorlugasigal/TermBeam,3,0,0,0,65.0,65.0,65.0,0.0,0.0,0,0,0,0
dorlugasigal/TermBeam,4,1,1,4,65.0,292.0,146.23611317791006,2.7353024592041923,227.0,1,0,0,0
dotnet/aspnetcore,1,17,17,185,385.0,1252.0,711.271968832672,26.009741435982498,867.0,12,1,4,0
dotnet/aspnetcore,2,10,11,335,1252.0,1325.0,1295.6273268022487,25.85620055010857,73.0,9,1,1,0
dotnet/aspnetcore,3,8,8,365,1325.0,1965.0,1474.5425938326719,24.753438898721935,640.0,8,0,0,0
dotnet/aspnetcore,4,13,18,1190,1965.0,2723.0,2509.560031001984,47.41867041629893,758.0,17,0,1,0
dotnet/maintenance-packages,1,2,2,114,215.0,289.0,285.94938078703706,39.86719596532449,74.0,2,0,0,0
dotnet/maintenance-packages,2,0,0,0,289.0,289.0,289.0,0.0,0.0,0,0,0,0
dotnet/maintenance-packages,3,0,0,0,289.0,289.0,289.0,0.0,0.0,0,0,0,0
dotnet/maintenance-packages,4,0,0,0,289.0,289.0,289.0,0.0,0.0,0,0,0,0
dotnet/skills,1,12,23,241,611.0,976.0,928.2476723710317,25.962898391591054,365.0,18,1,4,0
dotnet/skills,2,4,9,460,976.0,1306.0,1092.8966980820107,42.08997984963092,330.0,6,3,0,0
dotnet/skills,3,5,6,109,1306.0,1757.0,1614.6699512235448,6.750605590783635,451.0,4,1,1,0
dotnet/skills,4,7,19,1246,1757.0,1947.0,1913.9092819940477,65.10235420885927,190.0,11,7,1,0
drasi-project/drasi-server,1,0,0,0,62.0,62.0,62.0,0.0,0.0,0,0,0,0
drasi-project/drasi-server,2,0,0,0,62.0,62.0,62.0,0.0,0.0,0,0,0,0
drasi-project/drasi-server,3,0,0,0,62.0,62.0,62.0,0.0,0.0,0,0,0,0
drasi-project/drasi-server,4,0,0,0,62.0,62.0,62.0,0.0,0.0,0,0,0,0
elastic/ai-github-actions,1,97,605,4269,168.0,9425.0,6587.1279976851865,64.80821386042885,9257.0,343,101,161,0
elastic/ai-github-actions,2,15,215,920,9425.0,9808.0,9712.322136243385,9.47250294105098,383.0,114,51,50,0
elastic/ai-github-actions,3,2,3,77,9808.0,9779.0,9797.438462301587,0.7859197105067744,-29.0,2,1,0,0
elastic/ai-github-actions,4,0,0,0,9779.0,9779.0,9779.0,0.0,0.0,0,0,0,0
elastic/elastic-docs-skills,1,7,8,98,45.0,217.0,158.88311301256613,61.68056386977334,172.0,7,0,1,0
elastic/elastic-docs-skills,2,1,1,4,217.0,219.0,218.94169642857142,1.8269704059340652,2.0,1,0,0,0
elastic/elastic-docs-skills,3,1,1,5,219.0,220.0,219.39568659060848,2.2789873755950274,1.0,1,0,0,0
elastic/elastic-docs-skills,4,1,1,12,220.0,230.0,227.1879546957672,5.281970171380559,10.0,1,0,0,0
elastic/terraform-provider-elasticstack,1,15,15,509,111.0,395.0,175.02377769510582,290.81762872624427,284.0,8,3,4,0
elastic/terraform-provider-elasticstack,2,25,30,2111,395.0,4672.0,1281.8200917658726,164.68769787278222,4277.0,17,6,7,0
elastic/terraform-provider-elasticstack,3,47,132,17363,4672.0,3652.0,6805.1197160218235,255.14613591765237,-1020.0,82,36,14,0
elastic/terraform-provider-elasticstack,4,3,15,214,3652.0,3692.0,3687.5178881448414,5.803361678271385,40.0,2,0,13,0
fideus-labs/ngff-zarr,1,2,2,5,55.0,56.0,55.78778976521164,8.96253467119416,1.0,1,0,1,0
fideus-labs/ngff-zarr,2,0,0,0,56.0,56.0,56.0,0.0,0.0,0,0,0,0
fideus-labs/ngff-zarr,3,0,0,0,56.0,56.0,56.0,0.0,0.0,0,0,0,0
fideus-labs/ngff-zarr,4,1,1,9,56.0,59.0,57.29935267857143,15.706983725430081,3.0,1,0,0,0
foxminchan/BookWorm,1,1,1,30,111.0,498.0,457.98291914682534,6.550462636442181,387.0,1,0,0,0
foxminchan/BookWorm,2,4,10,203,498.0,463.0,482.8494758597883,42.042087679297374,-35.0,6,3,1,0
foxminchan/BookWorm,3,2,5,20,463.0,457.0,462.5947743055555,4.323438376497849,-6.0,0,3,2,0
foxminchan/BookWorm,4,0,0,0,457.0,457.0,457.0,0.0,0.0,0,0,0,0
github/awesome-copilot,1,5,5,22,103.0,526.0,309.6814541997354,7.104074106359191,423.0,2,2,1,0
github/awesome-copilot,2,5,5,19,526.0,664.0,630.5854046792329,3.0130732267209623,138.0,3,1,1,0
github/awesome-copilot,3,1,1,4,664.0,666.0,664.2078364748677,0.6022211392790985,2.0,1,0,0,0
github/awesome-copilot,4,1,1,37,666.0,703.0,701.2801240079365,5.276065688064655,37.0,1,0,0,0
github/copilot-sdk,1,2,2,5,95.0,213.0,178.27994874338629,2.804577876111537,118.0,2,0,0,0
github/copilot-sdk,2,10,10,121,213.0,492.0,292.3372168485449,41.390556188638854,279.0,5,2,3,0
github/copilot-sdk,3,2,6,15,492.0,802.0,560.3573532572752,2.6768632396464858,310.0,5,0,1,0
github/copilot-sdk,4,1,1,14,802.0,808.0,807.66625,1.7333892557724184,6.0,1,0,0,0
github/gh-aw,1,62,84,1294,196.0,2044.0,486.81895047949735,265.80723669969325,1848.0,48,15,21,0
github/gh-aw,2,200,395,7630,2044.0,13111.0,6867.323380042992,111.10587892472647,11067.0,203,85,107,0
github/gh-aw,3,155,412,6469,13111.0,21684.0,17913.97690930885,36.11146778155351,8573.0,251,39,122,0
github/gh-aw,4,164,397,5219,21684.0,27332.0,25098.185240575403,20.79433213984976,5648.0,145,68,184,0
github/gh-aw-firewall,1,1,1,4,91.0,556.0,259.281001984127,1.5427277623081992,465.0,0,1,0,0
github/gh-aw-firewall,2,23,39,503,556.0,3017.0,2468.082309441138,20.380195509520796,2461.0,17,7,15,0
github/gh-aw-firewall,3,4,9,145,3017.0,3296.0,3084.157696759259,4.701445718951455,279.0,2,1,6,0
github/gh-aw-firewall,4,21,33,1494,3296.0,4388.0,3669.506741484789,40.713918933842436,1092.0,14,14,5,0
github/gh-aw-mcpg,1,27,28,799,333.0,4529.0,1486.4221486441797,53.753235628841864,4196.0,17,6,5,0
github/gh-aw-mcpg,2,24,40,552,4529.0,5106.0,4648.3178124999995,11.875263746286713,577.0,21,9,10,0
github/gh-aw-mcpg,3,25,48,250,5106.0,6217.0,5410.475199239418,4.620666222352225,1111.0,22,9,17,0
github/gh-aw-mcpg,4,24,129,1735,6217.0,9491.0,8341.946695188492,20.798502596530877,3274.0,66,34,29,0
githubnext/ado-aw,1,1,2,24,269.0,337.0,305.80390376984127,7.8481666532495415,68.0,0,0,2,0
githubnext/ado-aw,2,11,13,320,337.0,1001.0,691.5256510416666,46.274494592930004,664.0,7,2,4,0
githubnext/ado-aw,3,10,21,310,1001.0,2248.0,1631.8081783234127,18.997330943549187,1247.0,7,0,14,0
githubnext/ado-aw,4,7,26,286,2248.0,2697.0,2425.9998730985444,11.788953625735934,449.0,19,0,7,0
githubnext/agentics,1,38,63,301,90.0,614.0,336.50763020833335,89.44819462597314,524.0,28,12,23,0
githubnext/agentics,2,16,47,356,614.0,556.0,565.029298941799,63.00558230639114,-58.0,13,22,12,0
githubnext/agentics,3,12,32,103,556.0,576.0,512.6574098875661,20.091390081065935,20.0,3,24,5,0
githubnext/agentics,4,10,25,87,576.0,609.0,581.8686115244709,14.951829034404128,33.0,6,3,16,0
kubestellar/console,1,6,6,269,193.0,142.0,141.7866803075397,189.72162929305534,-51.0,4,2,0,0
kubestellar/console,2,3,3,5,142.0,141.0,141.69606977513226,3.52867938252265,-1.0,2,1,0,0
kubestellar/console,3,0,0,0,141.0,141.0,141.0,0.0,0.0,0,0,0,0
kubestellar/console,4,1,2,2,141.0,143.0,142.5017972883598,1.4034910703286751,2.0,2,0,0,0
kubestellar/docs,1,6,7,108,565.0,757.0,706.9221879133597,15.277494729481665,192.0,7,0,0,0
kubestellar/docs,2,0,0,0,757.0,757.0,757.0,0.0,0.0,0,0,0,0
kubestellar/docs,3,1,1,24,757.0,733.0,737.9035714285714,3.2524574929941488,-24.0,0,1,0,0
kubestellar/docs,4,3,3,12,733.0,721.0,732.9922743055555,1.637125031279344,-12.0,0,3,0,0
lablup/backend.ai-webui,1,0,0,0,163.0,472.0,413.09804191468254,0.0,309.0,0,0,0,0
lablup/backend.ai-webui,2,0,0,0,472.0,472.0,472.0,0.0,0.0,0,0,0,0
lablup/backend.ai-webui,3,0,0,0,472.0,472.0,472.0,0.0,0.0,0,0,0,0
lablup/backend.ai-webui,4,2,4,12,472.0,468.0,469.82525132275134,2.5541411335842557,-4.0,0,2,2,0
microsoft/GitHub-Copilot-for-Azure,1,0,0,0,106.0,106.0,106.0,0.0,0.0,0,0,0,0
microsoft/GitHub-Copilot-for-Azure,2,2,2,6,106.0,108.0,106.29512896825398,5.644661291856521,2.0,1,0,1,0
microsoft/GitHub-Copilot-for-Azure,3,1,1,1,108.0,107.0,107.10324776785716,0.9336785026047649,-1.0,0,1,0,0
microsoft/GitHub-Copilot-for-Azure,4,0,0,0,107.0,107.0,107.0,0.0,0.0,0,0,0,0
microsoft/Microsoft-AI-Decision-Framework,1,2,2,4,52.0,48.0,48.002729828042334,8.332859431805213,-4.0,0,2,0,0
microsoft/Microsoft-AI-Decision-Framework,2,0,0,0,48.0,48.0,48.0,0.0,0.0,0,0,0,0
microsoft/Microsoft-AI-Decision-Framework,3,4,4,223,48.0,129.0,76.38968501984128,291.9242302701975,81.0,3,0,1,0
microsoft/Microsoft-AI-Decision-Framework,4,0,0,0,129.0,129.0,129.0,0.0,0.0,0,0,0,0
microsoft/aspire,1,3,3,160,54.0,144.0,136.7930919312169,116.96497077531673,90.0,3,0,0,0
microsoft/aspire,2,4,4,36,144.0,360.0,201.3168282903439,17.882260666296585,216.0,4,0,0,0
microsoft/aspire,3,13,13,3361,360.0,3269.0,1389.6312305720894,241.8627277552138,2909.0,12,0,1,0
microsoft/aspire,4,12,15,610,3269.0,4262.0,3973.033979001323,15.353505739543962,993.0,10,0,5,0
microsoft/vscode-black-formatter,1,4,5,151,112.0,424.0,375.0861123511905,40.25742223658224,312.0,3,2,0,0
microsoft/vscode-black-formatter,2,1,1,2,424.0,424.0,424.0,0.4716981132075472,0.0,0,0,1,0
microsoft/vscode-black-formatter,3,0,0,0,424.0,424.0,424.0,0.0,0.0,0,0,0,0
microsoft/vscode-black-formatter,4,1,3,48,424.0,462.0,428.35419808201056,11.20567983573495,38.0,3,0,0,0
microsoft/vscode-flake8,1,5,6,165,108.0,428.0,343.8336450066138,47.98832295682587,320.0,3,3,0,0
microsoft/vscode-flake8,2,2,2,12,428.0,430.0,429.78551008597884,2.7920904075149933,2.0,1,0,1,0
microsoft/vscode-flake8,3,0,0,0,430.0,430.0,430.0,0.0,0.0,0,0,0,0
microsoft/vscode-flake8,4,1,3,48,430.0,468.0,430.13390790343914,11.15931553361181,38.0,3,0,0,0
microsoft/vscode-isort,1,4,5,154,107.0,422.0,341.0174309689154,45.15898192137794,315.0,3,2,0,0
microsoft/vscode-isort,2,2,2,12,422.0,424.0,423.7805563822751,2.8316542180324316,2.0,1,0,1,0
microsoft/vscode-isort,3,0,0,0,424.0,424.0,424.0,0.0,0.0,0,0,0,0
microsoft/vscode-isort,4,1,3,48,424.0,462.0,424.22625330687833,11.314716999675545,38.0,3,0,0,0
microsoft/vscode-mypy,1,4,5,154,107.0,422.0,339.1196569113756,45.41169963504824,315.0,3,2,0,0
microsoft/vscode-mypy,2,2,2,12,422.0,424.0,423.790625,2.831586942254799,2.0,1,0,1,0
microsoft/vscode-mypy,3,0,0,0,424.0,424.0,424.0,0.0,0.0,0,0,0,0
microsoft/vscode-mypy,4,1,3,50,424.0,462.0,424.22930059523804,11.786078879946476,38.0,3,0,0,0
microsoft/vscode-pylint,1,5,6,158,107.0,427.0,348.5470924272487,45.33103372049472,320.0,4,2,0,0
microsoft/vscode-pylint,2,2,2,12,427.0,429.0,428.79089203042327,2.798566905928726,2.0,1,0,1,0
microsoft/vscode-pylint,3,0,0,0,429.0,429.0,429.0,0.0,0.0,0,0,0,0
microsoft/vscode-pylint,4,1,3,48,429.0,467.0,429.2342956349206,11.182703825890405,38.0,3,0,0,0
modeled-information-format/MIF,1,0,0,0,65.0,65.0,65.0,0.0,0.0,0,0,0,0
modeled-information-format/MIF,2,0,0,0,65.0,65.0,65.0,0.0,0.0,0,0,0,0
modeled-information-format/MIF,3,0,0,0,65.0,65.0,65.0,0.0,0.0,0,0,0,0
modeled-information-format/MIF,4,0,0,0,65.0,65.0,65.0,0.0,0.0,0,0,0,0
ohcnetwork/care_fe,1,1,1,154,159.0,235.0,235.07076471560845,65.51218744122058,76.0,0,1,0,0
ohcnetwork/care_fe,2,0,0,0,235.0,235.0,235.0,0.0,0.0,0,0,0,0
ohcnetwork/care_fe,3,0,0,0,235.0,235.0,235.0,0.0,0.0,0,0,0,0
ohcnetwork/care_fe,4,0,0,0,235.0,235.0,235.0,0.0,0.0,0,0,0,0
openvinotoolkit/openvino.genai,1,1,1,127,218.0,287.0,233.19069568452383,54.46186419539406,69.0,1,0,0,0
openvinotoolkit/openvino.genai,2,6,6,106,287.0,353.0,322.0208101851852,32.91712729343248,66.0,6,0,0,0
openvinotoolkit/openvino.genai,3,0,0,0,353.0,353.0,353.0,0.0,0.0,0,0,0,0
openvinotoolkit/openvino.genai,4,0,0,0,353.0,353.0,353.0,0.0,0.0,0,0,0,0
prowler-cloud/prowler,1,0,0,0,115.0,115.0,115.0,0.0,0.0,0,0,0,0
prowler-cloud/prowler,2,0,0,0,115.0,115.0,115.0,0.0,0.0,0,0,0,0
prowler-cloud/prowler,3,0,0,0,115.0,115.0,115.0,0.0,0.0,0,0,0,0
prowler-cloud/prowler,4,0,0,0,115.0,115.0,115.0,0.0,0.0,0,0,0,0
rancher/dashboard,1,5,5,62,189.0,231.0,204.04439153439156,30.38554479923058,42.0,4,0,1,0
rancher/dashboard,2,2,4,13,231.0,1142.0,967.4622089947089,1.3437217370493795,911.0,0,1,3,0
rancher/dashboard,3,4,16,197,1142.0,1199.0,1179.9837888558202,16.695144616437695,57.0,8,7,1,0
rancher/dashboard,4,1,7,14,1199.0,1199.0,1199.0,1.1676396997497915,0.0,0,0,7,0
thaw-app/Thaw,1,2,2,95,127.0,127.0,127.0,74.80314960629921,0.0,1,1,0,0
thaw-app/Thaw,2,1,1,15,127.0,128.0,127.89196221891534,11.728649509907578,1.0,1,0,0,0
thaw-app/Thaw,3,9,9,104,128.0,162.0,145.86666418650793,71.29799024335237,34.0,4,1,4,0
thaw-app/Thaw,4,1,1,3,162.0,165.0,164.13693700396828,1.8277421613682665,3.0,1,0,0,0
wp-media/wp-rocket,1,3,3,80,310.0,256.0,256.31669642857145,31.211388534064476,-54.0,0,1,2,0
wp-media/wp-rocket,2,0,0,0,256.0,256.0,256.0,0.0,0.0,0,0,0,0
wp-media/wp-rocket,3,0,0,0,256.0,256.0,256.0,0.0,0.0,0,0,0,0
wp-media/wp-rocket,4,0,0,0,256.0,256.0,256.0,0.0,0.0,0,0,0,0
